Time,Open,High,Low,Close,Volume
2026-06-09 19:00:00,61121.5,61466.0,60752.6,61383.6,7478
2026-06-09 20:00:00,61386.3,61884.3,61386.3,61685.3,4937
2026-06-09 21:00:00,61687.2,61959.1,61590.6,61778.0,3475
2026-06-09 22:00:00,61776.7,62101.7,61709.6,62084.8,3087
2026-06-09 23:00:00,62086.9,62267.9,61942.4,62156.8,1674
2026-06-10 00:00:00,62156.8,62172.6,61685.8,61751.6,1449
2026-06-10 01:00:00,61755.3,61972.5,61653.8,61711.7,2039
2026-06-10 02:00:00,61712.15,61875.0,61540.7,61719.2,1943
2026-06-10 03:00:00,61725.05,61926.2,61429.75,61907.0,3078
2026-06-10 04:00:00,61911.8,61965.0,61569.1,61704.2,3387
2026-06-10 05:00:00,61707.9,61832.6,61224.3,61294.2,2981
2026-06-10 06:00:00,61292.8,61585.5,61272.9,61539.2,1956
2026-06-10 07:00:00,61539.2,61554.1,61180.1,61283.3,1753
2026-06-10 08:00:00,61289.4,61384.3,61064.3,61340.0,1875
2026-06-10 09:00:00,61344.55,61515.4,61125.9,61458.7,1794
2026-06-10 10:00:00,61450.5,61780.7,61423.0,61676.7,2016
2026-06-10 11:00:00,61677.0,61726.3,61150.0,61252.5,2728
2026-06-10 12:00:00,61254.4,61415.1,60735.4,61322.4,3337
2026-06-10 13:00:00,61326.3,61446.5,61137.2,61370.5,2262
2026-06-10 14:00:00,61372.3,61429.0,60851.5,61017.0,3863
2026-06-10 15:00:00,61017.9,61932.6,60943.8,61552.7,4560
2026-06-10 16:00:00,61554.5,62442.8,61432.8,62140.7,5501
2026-06-10 17:00:00,62135.3,62258.3,61800.4,62191.5,5762
2026-06-10 18:00:00,62201.5,62849.1,61834.9,62628.6,6278
2026-06-10 19:00:00,62630.4,62639.8,61914.6,62215.8,4785
2026-06-10 20:00:00,62214.0,62351.5,61638.8,61966.0,4769
2026-06-10 21:00:00,61966.5,62151.6,61598.05,61878.4,3434
2026-06-10 22:00:00,61880.2,62058.2,61664.8,61934.0,3400
2026-06-10 23:00:00,61920.75,61939.0,61673.1,61792.0,2286
2026-06-11 00:00:00,61792.0,61792.0,61162.3,61343.6,2322
2026-06-11 01:00:00,61349.75,61568.0,61084.0,61368.9,3338
2026-06-11 02:00:00,61368.9,61595.2,61151.4,61495.4,2390
2026-06-11 03:00:00,61501.6,61968.3,61501.6,61811.2,2931
2026-06-11 04:00:00,61812.65,62363.0,61812.65,62197.3,2533
2026-06-11 05:00:00,62198.2,62295.0,61929.8,62132.0,2234
2026-06-11 06:00:00,62132.0,62823.07,61998.6,62682.6,2186
2026-06-11 07:00:00,62684.3,62850.3,62533.8,62718.8,1777
2026-06-11 08:00:00,62717.85,62720.2,62548.9,62608.6,1410
2026-06-11 09:00:00,62612.0,62997.2,62536.7,62758.4,1729
2026-06-11 10:00:00,62757.4,62844.8,62595.5,62706.3,1337
2026-06-11 11:00:00,62704.3,63033.9,62703.8,62952.9,1214
2026-06-11 12:00:00,62949.25,62988.6,62781.4,62917.9,1018
2026-06-11 13:00:00,62914.4,63191.4,62794.7,63133.1,1416
2026-06-11 14:00:00,63131.8,63255.7,63027.0,63093.4,1513
2026-06-11 15:00:00,63095.8,63184.9,62500.0,62998.1,3617
2026-06-11 16:00:00,62996.8,63236.4,62666.2,63070.1,3713
2026-06-11 17:00:00,63071.5,63086.2,62722.0,62723.9,4192
2026-06-11 18:00:00,62727.6,62869.6,62532.8,62742.7,3730
2026-06-11 19:00:00,62742.7,62836.7,62540.0,62567.1,2799
2026-06-11 20:00:00,62567.1,63644.9,62329.7,63631.2,5791
2026-06-11 21:00:00,63628.9,63785.8,63316.5,63449.0,3437
2026-06-11 22:00:00,63451.0,63915.25,63385.6,63601.3,2917
2026-06-11 23:00:00,63598.2,63656.4,63266.9,63392.9,1217
2026-06-12 00:00:00,63392.9,63597.8,63390.5,63512.4,947
2026-06-12 01:00:00,63510.85,63668.3,63458.3,63491.4,1411
2026-06-12 02:00:00,63486.2,63698.0,63350.8,63619.6,1332
2026-06-12 03:00:00,63620.65,63784.8,63511.4,63639.1,1726
2026-06-12 04:00:00,63636.2,63636.2,63286.8,63419.8,1833
2026-06-12 05:00:00,63419.8,63784.65,63419.8,63612.3,1387
2026-06-12 06:00:00,63626.4,63646.4,63346.0,63516.7,1114
2026-06-12 07:00:00,63518.2,63858.2,63417.7,63695.6,1307
2026-06-12 08:00:00,63695.6,63713.1,63295.8,63347.7,1450
2026-06-12 09:00:00,63337.3,63406.9,62827.9,62974.4,2047
2026-06-12 10:00:00,62976.8,63213.65,62930.7,63091.2,1662
2026-06-12 11:00:00,63092.9,63613.7,63086.2,63461.0,1805
2026-06-12 12:00:00,63458.6,63957.2,63422.2,63747.3,1800
2026-06-12 13:00:00,63742.5,63847.1,63578.0,63688.9,1683
2026-06-12 14:00:00,63693.1,63884.5,63672.3,63751.4,1568
2026-06-12 15:00:00,63747.8,63768.4,63366.6,63450.7,2059
2026-06-12 16:00:00,63452.6,63527.1,63046.0,63225.4,3599
2026-06-12 17:00:00,63234.0,63999.1,63192.6,63992.7,4635
2026-06-12 18:00:00,63996.3,64385.9,63540.8,63581.8,4576
2026-06-12 19:00:00,63585.2,63989.8,63495.9,63969.6,3371
2026-06-12 20:00:00,63974.7,64104.25,63723.8,63853.9,2138
2026-06-12 21:00:00,63857.4,63924.1,63667.2,63674.1,1899
2026-06-12 22:00:00,63676.1,63811.6,63569.6,63571.7,1298
2026-06-12 23:00:00,63578.15,63685.2,63381.9,63435.2,964
2026-06-13 00:00:00,63437.2,63616.0,63423.8,63467.4,726
2026-06-13 01:00:00,63468.6,63649.6,63454.1,63494.6,873
2026-06-13 02:00:00,63494.5,63575.6,63413.3,63564.2,686
2026-06-13 03:00:00,63560.3,63637.4,63499.4,63590.9,742
2026-06-13 04:00:00,63594.0,63835.5,63593.0,63822.7,834
2026-06-13 05:00:00,63822.7,63822.7,63535.9,63633.1,659
2026-06-13 06:00:00,63635.1,63711.1,63423.9,63517.3,628
2026-06-13 07:00:00,63514.9,63636.7,63471.7,63498.2,509
2026-06-13 08:00:00,63498.2,63595.4,63478.6,63576.8,589
2026-06-13 09:00:00,63574.8,63732.5,63540.3,63721.9,558
2026-06-13 10:00:00,63723.9,63877.2,63676.2,63838.3,357
2026-06-13 11:00:00,63838.3,63906.3,63751.2,63796.9,677
2026-06-13 12:00:00,63796.9,63856.9,63730.9,63734.8,507
2026-06-13 13:00:00,63740.5,63902.8,63721.0,63833.6,545
2026-06-13 14:00:00,63835.2,63960.7,63829.1,63957.9,580
2026-06-13 15:00:00,63956.7,64207.2,63909.9,64124.2,716
2026-06-13 16:00:00,64126.3,64239.3,64031.4,64082.2,1219
2026-06-13 17:00:00,64082.2,64226.7,64068.5,64214.1,657
2026-06-13 18:00:00,64215.3,64336.2,64174.8,64287.4,897
2026-06-13 19:00:00,64289.2,64300.7,63893.2,64009.8,1518
2026-06-13 20:00:00,64008.3,64108.3,63926.4,63965.2,800
2026-06-13 21:00:00,63963.3,64269.8,63963.3,64143.7,768
2026-06-13 22:00:00,64143.7,64320.7,64131.5,64286.9,640
2026-06-13 23:00:00,64286.9,64286.9,64218.3,64275.1,456
2026-06-14 00:00:00,64275.1,64751.2,64203.0,64456.7,1275
2026-06-14 01:00:00,64455.9,64544.3,64369.2,64436.8,830
2026-06-14 02:00:00,64437.8,64587.0,64375.9,64439.1,605
2026-06-14 03:00:00,64433.0,64569.1,64361.2,64545.5,752
2026-06-14 04:00:00,64545.5,64700.2,64490.1,64563.9,811
2026-06-14 05:00:00,64563.9,64623.7,64463.1,64478.76,514
2026-06-14 06:00:00,64478.76,64534.05,64454.76,64534.05,328
2026-06-14 07:00:00,64534.05,64552.23,64314.77,64327.82,337
2026-06-14 08:00:00,64330.81,64399.95,64282.17,64326.75,353
2026-06-14 09:00:00,64334.12,64466.99,64227.41,64278.8,740
2026-06-14 10:00:00,64278.8,64434.7,64210.2,64420.4,455
2026-06-14 11:00:00,64420.4,64507.75,64378.3,64449.9,472
2026-06-14 12:00:00,64449.9,64610.05,64314.6,64606.7,733
2026-06-14 13:00:00,64606.7,64657.4,64486.5,64514.6,541
2026-06-14 14:00:00,64514.6,64634.9,64446.7,64537.1,529
2026-06-14 15:00:00,64538.1,64554.4,64284.8,64318.4,640
2026-06-14 16:00:00,64318.4,64388.7,64235.9,64311.0,798
2026-06-14 17:00:00,64315.6,64334.4,63857.3,63976.2,1599
2026-06-14 18:00:00,63971.2,64139.9,63967.1,64012.6,1029
2026-06-14 19:00:00,64011.5,64200.7,63922.7,63934.2,893
2026-06-14 20:00:00,63933.0,64016.6,63683.9,63724.2,959
2026-06-14 21:00:00,63724.2,63807.2,63674.3,63807.2,701
2026-06-14 22:00:00,63805.2,63854.9,63720.2,63792.2,541
2026-06-14 23:00:00,63797.7,64085.9,63781.8,63998.4,693
2026-06-15 00:00:00,64001.7,65673.9,63997.6,65305.0,4407
2026-06-15 01:00:00,65312.7,65572.6,64941.8,65411.3,4226
2026-06-15 02:00:00,65413.8,65792.8,65250.8,65738.8,2434
2026-06-15 03:00:00,65736.65,65894.7,65473.3,65617.4,2268
2026-06-15 04:00:00,65617.4,65708.8,65345.0,65505.5,1737
2026-06-15 05:00:00,65511.8,65774.4,65404.3,65454.4,1286
2026-06-15 06:00:00,65461.3,65986.1,65421.1,65917.8,1390
2026-06-15 07:00:00,65911.2,65913.2,65626.1,65635.4,930
2026-06-15 08:00:00,65631.9,65864.8,65604.7,65852.4,821
2026-06-15 09:00:00,65854.3,65955.6,65765.0,65802.4,871
2026-06-15 10:00:00,65802.4,66004.5,65624.5,65665.0,1107
2026-06-15 11:00:00,65665.5,65790.7,65610.1,65653.3,883
2026-06-15 12:00:00,65653.3,65776.65,65499.9,65586.2,809
2026-06-15 13:00:00,65586.2,65964.8,65572.6,65912.3,870
2026-06-15 14:00:00,65907.1,66388.65,65837.1,66220.7,2417
2026-06-15 15:00:00,66222.7,66594.6,66092.1,66555.1,1800
2026-06-15 16:00:00,66555.1,66940.5,66400.2,66439.3,3786
2026-06-15 17:00:00,66439.3,66665.6,66291.2,66577.5,2571
2026-06-15 18:00:00,66576.8,67285.6,66566.2,67284.55,2342
2026-06-15 19:00:00,67283.7,67283.7,67083.3,67152.3,2085
2026-06-15 20:00:00,67152.3,67152.3,66672.5,66848.4,1944
2026-06-15 21:00:00,66848.4,66931.4,66711.5,66757.5,1562
2026-06-15 22:00:00,66752.3,66882.3,66345.8,66609.7,2106
2026-06-15 23:00:00,66608.15,66677.7,66477.6,66512.9,1281
2026-06-16 00:00:00,66512.9,66554.9,66329.5,66362.8,1112
2026-06-16 01:00:00,66362.8,66467.4,66088.9,66194.2,2142
2026-06-16 02:00:00,66194.2,66357.6,66110.0,66314.1,1403
2026-06-16 03:00:00,66313.2,66454.7,66229.4,66243.5,1427
2026-06-16 04:00:00,66243.0,66410.4,66235.7,66338.9,1188
2026-06-16 05:00:00,66338.9,66360.2,65679.0,65732.2,1890
2026-06-16 06:00:00,65732.2,66155.9,65638.8,66148.8,1232
2026-06-16 07:00:00,66152.6,66270.7,65784.0,65828.6,1268
2026-06-16 08:00:00,65832.0,66138.6,65832.0,66051.1,1142
2026-06-16 09:00:00,66051.1,66558.0,66051.1,66426.1,1195
2026-06-16 10:00:00,66430.5,66513.8,66289.5,66359.3,1316
2026-06-16 11:00:00,66359.3,66980.4,66327.7,66884.6,1834
2026-06-16 12:00:00,66882.4,66903.0,66463.9,66500.9,1596
2026-06-16 13:00:00,66503.0,66764.9,66476.5,66501.9,1243
2026-06-16 14:00:00,66499.6,66639.1,66358.2,66482.2,1157
2026-06-16 15:00:00,66484.4,66817.0,66360.7,66421.3,2628
2026-06-16 16:00:00,66421.3,66463.7,65927.3,66036.4,3679
2026-06-16 17:00:00,66041.5,66258.4,65352.8,65651.4,4399
2026-06-16 18:00:00,65646.3,65996.9,65602.9,65857.8,2897
2026-06-16 19:00:00,65858.8,65950.3,65689.6,65749.3,1973
2026-06-16 20:00:00,65752.1,66005.5,65696.7,65969.5,1604
2026-06-16 21:00:00,65970.5,66231.2,65790.0,65836.0,1697
2026-06-16 22:00:00,65833.6,65833.6,65546.7,65670.5,1816
2026-06-16 23:00:00,65660.5,65857.0,65577.3,65849.9,980
2026-06-17 00:00:00,65849.9,65934.0,65639.5,65769.9,790
2026-06-17 01:00:00,65769.9,65879.9,65670.5,65769.7,842
2026-06-17 02:00:00,65770.6,65830.1,65620.4,65667.8,821
2026-06-17 03:00:00,65671.7,65844.0,65671.7,65701.1,1027
2026-06-17 04:00:00,65702.9,65946.2,65475.2,65925.6,1728
2026-06-17 05:00:00,65926.6,66127.1,65776.1,65897.9,1549
2026-06-17 06:00:00,65897.9,65897.9,65702.4,65845.2,1028
2026-06-17 07:00:00,65846.3,66045.6,65785.1,65880.6,813
2026-06-17 08:00:00,65880.6,65974.2,65732.8,65823.9,880
2026-06-17 09:00:00,65823.9,65890.9,65569.6,65614.6,1040
2026-06-17 10:00:00,65614.6,65705.5,65238.5,65539.0,1662
2026-06-17 11:00:00,65539.0,65581.9,64827.65,64918.3,2235
2026-06-17 12:00:00,64916.7,65073.5,64838.8,64907.1,1411
2026-06-17 13:00:00,64909.6,64990.7,64756.4,64788.7,1286
2026-06-17 14:00:00,64788.7,64857.0,64552.0,64801.4,1825
2026-06-17 15:00:00,64801.4,65098.7,64578.6,65030.8,1881
2026-06-17 16:00:00,65030.7,65358.2,64834.9,65263.0,2538
2026-06-17 17:00:00,65260.8,65450.5,64756.4,65091.1,3477
2026-06-17 18:00:00,65093.4,65838.7,64973.6,65738.9,3098
2026-06-17 19:00:00,65737.7,66425.3,65707.0,65851.9,2993
2026-06-17 20:00:00,65857.2,66187.9,65787.8,66090.2,2046
2026-06-17 21:00:00,66097.6,66097.6,64798.7,65500.5,7631
2026-06-17 22:00:00,65504.8,65657.3,64027.8,64280.8,7249
2026-06-17 23:00:00,64286.7,64474.3,64175.6,64420.5,2352
2026-06-18 00:00:00,64423.9,64441.0,64122.4,64243.4,1425
2026-06-18 01:00:00,64244.2,64422.0,63898.4,64286.3,1857
2026-06-18 02:00:00,64287.45,64513.8,64239.1,64493.5,1297
2026-06-18 03:00:00,64494.7,64694.8,64445.6,64453.3,1534
2026-06-18 04:00:00,64456.0,64798.5,64449.1,64536.6,1560
2026-06-18 05:00:00,64537.3,64768.7,64476.0,64672.9,1204
2026-06-18 06:00:00,64670.75,64672.0,64250.1,64273.7,1354
2026-06-18 07:00:00,64274.9,64326.3,63810.6,63864.9,2378
2026-06-18 08:00:00,63870.2,64014.4,63676.3,63982.2,2014
2026-06-18 09:00:00,63979.8,64113.7,63833.4,64070.5,1398
2026-06-18 10:00:00,64071.7,64498.0,64002.1,64492.1,1149
2026-06-18 11:00:00,64494.1,64637.05,64369.4,64392.0,1447
2026-06-18 12:00:00,64392.0,64468.5,64183.8,64193.3,1140
2026-06-18 13:00:00,64193.3,64219.2,63907.7,64069.1,1350
2026-06-18 14:00:00,64070.7,64193.5,63873.6,63958.4,1448
2026-06-18 15:00:00,63960.1,64392.4,63911.6,64362.1,1630
2026-06-18 16:00:00,64362.1,64430.3,63777.3,63968.2,3229
2026-06-18 17:00:00,63971.7,64193.7,63578.5,63803.0,4974
2026-06-18 18:00:00,63799.9,63814.3,62276.0,62351.8,5873
2026-06-18 19:00:00,62351.3,62799.5,62326.8,62671.2,3434
2026-06-18 20:00:00,62672.1,62731.6,62249.5,62587.5,2528
2026-06-18 21:00:00,62590.4,62945.0,62555.9,62687.4,2212
2026-06-18 22:00:00,62691.1,62992.0,62615.2,62931.3,1615
2026-06-18 23:00:00,62942.6,63254.4,62937.4,63072.3,1524
2026-06-19 00:00:00,63072.3,63110.0,62856.0,62953.0,1109
2026-06-19 01:00:00,62946.9,62985.1,62721.3,62865.7,869
2026-06-19 02:00:00,62865.7,62975.0,62740.5,62941.8,1050
2026-06-19 03:00:00,62941.8,63078.5,62831.1,63012.3,1240
2026-06-19 04:00:00,63013.8,63092.5,62835.3,63012.7,1102
2026-06-19 05:00:00,63012.7,63102.5,62877.4,62990.4,963
2026-06-19 06:00:00,62990.4,63017.5,62368.2,62762.9,2280
2026-06-19 07:00:00,62762.9,62904.0,62395.2,62439.4,1833
2026-06-19 08:00:00,62440.2,62730.1,62435.6,62723.9,1276
2026-06-19 09:00:00,62723.9,62903.1,62711.5,62881.5,1058
2026-06-19 10:00:00,62881.5,62910.4,62466.6,62619.3,1326
2026-06-19 11:00:00,62622.8,62774.3,62530.3,62594.3,1014
2026-06-19 12:00:00,62595.8,62647.0,62303.8,62374.1,1555
2026-06-19 13:00:00,62372.8,62584.4,62369.6,62523.0,1321
2026-06-19 14:00:00,62523.0,62674.5,62438.9,62618.5,1056
2026-06-19 15:00:00,62622.5,62865.0,62339.6,62814.5,1983
2026-06-19 16:00:00,62816.4,63387.2,62649.3,63196.1,2865
2026-06-19 17:00:00,63193.5,63402.6,62993.3,63193.6,2153
2026-06-19 18:00:00,63193.6,63275.1,63009.4,63205.4,1794
2026-06-19 19:00:00,63203.5,63381.6,62912.8,62958.4,1824
2026-06-19 20:00:00,62959.7,63217.2,62855.7,63184.9,1785
2026-06-19 21:00:00,63182.8,63189.8,62975.0,63099.2,999
2026-06-19 22:00:00,63095.3,63133.2,62928.8,63015.0,880
2026-06-19 23:00:00,63016.6,63267.0,62946.4,63236.7,813
2026-06-20 00:00:00,63233.3,63259.1,63046.1,63065.2,786
2026-06-20 01:00:00,63064.0,63363.4,63038.2,63302.7,569
2026-06-20 02:00:00,63302.8,63659.1,63260.7,63530.0,820
2026-06-20 03:00:00,63523.6,63768.7,63456.1,63517.9,1430
2026-06-20 04:00:00,63517.9,63609.6,63389.1,63566.7,833
2026-06-20 05:00:00,63551.9,63551.9,63324.5,63327.2,804
2026-06-20 06:00:00,63327.2,63501.1,63307.9,63464.1,616
2026-06-20 07:00:00,63466.5,63603.4,63388.7,63572.0,607
2026-06-20 08:00:00,63575.5,63889.6,63530.5,63665.3,1176
2026-06-20 09:00:00,63665.3,63749.4,63631.7,63732.4,642
2026-06-20 10:00:00,63732.4,63765.8,63617.7,63630.4,447
2026-06-20 11:00:00,63631.35,63644.8,63374.5,63408.9,838
2026-06-20 12:00:00,63410.85,63777.6,63410.85,63720.2,762
2026-06-20 13:00:00,63720.7,63764.9,63584.7,63665.3,568
2026-06-20 14:00:00,63665.3,63791.6,63607.6,63673.3,555
2026-06-20 15:00:00,63673.3,63776.4,63540.4,63645.5,635
2026-06-20 16:00:00,63644.1,63644.1,63265.8,63390.6,1246
2026-06-20 17:00:00,63386.4,64140.4,63186.7,63944.9,2527
2026-06-20 18:00:00,63941.4,64375.7,63828.1,64146.3,2311
2026-06-20 19:00:00,64155.3,64162.4,63894.7,64019.7,1286
2026-06-20 20:00:00,64012.8,64026.4,63726.8,63833.0,1214
2026-06-20 21:00:00,63835.7,63921.5,63771.8,63796.9,607
2026-06-20 22:00:00,63794.25,63956.4,63787.5,63929.3,699
2026-06-20 23:00:00,63927.3,63969.2,63845.5,63919.9,463
2026-06-21 00:00:00,63920.8,64086.3,63913.4,64005.5,719
2026-06-21 01:00:00,64005.5,64343.1,63971.5,64260.8,1077
2026-06-21 02:00:00,64260.7,64326.8,64241.4,64287.3,603
2026-06-21 03:00:00,64290.9,64316.9,64220.6,64283.8,516
2026-06-21 04:00:00,64283.8,64316.0,64201.6,64237.9,457
2026-06-21 05:00:00,64234.1,64264.7,64206.1,64233.3,345
2026-06-21 06:00:00,64233.3,64466.6,64220.6,64413.7,790
2026-06-21 07:00:00,64413.7,64566.6,64254.8,64270.6,844
2026-06-21 08:00:00,64270.6,64359.6,64210.2,64240.9,549
2026-06-21 09:00:00,64240.9,64313.2,64184.3,64291.2,401
2026-06-21 10:00:00,64291.2,64291.2,64156.6,64176.3,401
2026-06-21 11:00:00,64180.2,64213.8,63888.8,64005.9,773
2026-06-21 12:00:00,64005.9,64241.2,63947.1,64196.1,729
2026-06-21 13:00:00,64196.1,64395.6,64189.3,64352.5,779
2026-06-21 14:00:00,64356.8,64468.4,64096.8,64158.3,1499
2026-06-21 15:00:00,64158.3,64221.5,63937.0,64180.5,1144
2026-06-21 16:00:00,64177.9,64177.9,63998.8,64131.2,785
2026-06-21 17:00:00,64131.2,64143.5,63985.7,64134.0,652
2026-06-21 18:00:00,64134.3,64338.3,64104.7,64209.5,899
2026-06-21 19:00:00,64209.15,64242.3,64027.3,64134.3,931
2026-06-21 20:00:00,64134.3,64209.1,64061.7,64135.0,596
2026-06-21 21:00:00,64135.0,64224.5,63929.5,64193.4,982
2026-06-21 22:00:00,64193.4,64289.2,64150.5,64190.0,627
2026-06-21 23:00:00,64190.0,64253.7,63682.8,63833.3,1085
2026-06-22 00:00:00,63835.9,63951.1,63496.7,63794.9,2057
2026-06-22 01:00:00,63794.1,63854.2,63562.2,63787.5,1798
2026-06-22 02:00:00,63783.65,63783.65,63258.8,63298.7,2435
2026-06-22 03:00:00,63303.5,64084.9,63300.7,63881.9,2882
2026-06-22 04:00:00,63884.1,64819.9,63841.7,64592.2,3788
2026-06-22 05:00:00,64595.1,64659.3,64236.3,64247.0,1845
2026-06-22 06:00:00,64248.7,64452.7,63888.8,63960.3,2425
2026-06-22 07:00:00,63963.3,64107.0,63859.4,64085.3,1298
2026-06-22 08:00:00,64082.7,64328.6,64073.2,64237.3,1125
2026-06-22 09:00:00,64242.4,64320.3,63942.5,63981.3,1033
2026-06-22 10:00:00,63984.7,64385.8,63960.0,64201.7,1142
2026-06-22 11:00:00,64201.7,64339.6,64010.45,64155.1,1947
2026-06-22 12:00:00,64156.2,64256.2,64041.1,64138.1,1195
2026-06-22 13:00:00,64134.5,64268.8,64066.0,64128.8,808
2026-06-22 14:00:00,64128.8,64767.1,64087.9,64646.5,2265
2026-06-22 15:00:00,64648.2,65210.3,64568.2,65140.6,2424
2026-06-22 16:00:00,65142.3,65580.0,64940.6,65573.6,3433
2026-06-22 17:00:00,65577.0,65613.4,64820.2,64960.8,3507
2026-06-22 18:00:00,64962.9,65131.9,64739.8,64824.4,2644
2026-06-22 19:00:00,64825.9,64851.4,64505.1,64707.4,2213
2026-06-22 20:00:00,64709.4,64758.8,64376.1,64595.0,1440
2026-06-22 21:00:00,64595.0,64723.1,64300.1,64328.2,1294
2026-06-22 22:00:00,64332.2,64488.5,64265.4,64471.3,1393
2026-06-22 23:00:00,64464.4,64651.8,64347.2,64421.3,773
2026-06-23 00:00:00,64420.1,64469.3,64131.6,64302.6,846
2026-06-23 01:00:00,64302.7,64385.9,63790.4,63960.3,2052
2026-06-23 02:00:00,63958.3,64040.7,63869.25,64008.8,1152
2026-06-23 03:00:00,64006.35,64150.2,63818.1,64138.8,1456
2026-06-23 04:00:00,64139.95,64263.0,63877.0,64143.3,1607
2026-06-23 05:00:00,64143.3,64261.5,64028.6,64187.6,1060
2026-06-23 06:00:00,64188.7,64191.5,63953.3,64054.7,941
2026-06-23 07:00:00,64055.3,64081.7,63602.0,63612.1,1067
2026-06-23 08:00:00,63614.7,63718.6,63343.5,63382.3,2037
2026-06-23 09:00:00,63385.6,63385.6,62552.0,62927.2,3229
2026-06-23 10:00:00,62927.9,63083.5,62846.6,62878.6,1884
2026-06-23 11:00:00,62878.6,62946.05,61922.2,62373.3,3984
2026-06-23 12:00:00,62375.1,62498.2,62329.1,62369.0,1081
2026-06-23 13:00:00,62368.8,62564.9,62228.4,62309.1,1143
2026-06-23 14:00:00,62312.9,62619.0,62311.0,62493.4,1334
2026-06-23 15:00:00,62495.3,62544.6,62176.3,62247.5,1241
2026-06-23 16:00:00,62250.85,62525.5,61944.5,62468.8,4099
2026-06-23 17:00:00,62466.4,62844.1,62389.5,62482.3,4130
2026-06-23 18:00:00,62459.8,62502.3,62182.9,62471.2,2604
2026-06-23 19:00:00,62470.1,62816.8,62406.0,62537.9,2048
2026-06-23 20:00:00,62535.4,62673.1,62317.4,62342.5,1547
2026-06-23 21:00:00,62348.7,62435.6,62088.8,62229.0,1588
2026-06-23 22:00:00,62229.0,62467.8,62218.0,62378.8,1825
2026-06-23 23:00:00,62384.1,62524.7,62363.8,62457.6,1003
2026-06-24 00:00:00,62458.7,62643.6,62458.7,62586.6,937
2026-06-24 01:00:00,62584.7,62762.8,62509.4,62577.1,1025
2026-06-24 02:00:00,62575.2,62786.3,62482.1,62715.6,1085
2026-06-24 03:00:00,62715.6,63014.3,62715.6,63005.1,1790
2026-06-24 04:00:00,63009.8,63104.8,62761.8,62920.5,1937
2026-06-24 05:00:00,62920.5,63001.9,62592.7,62620.8,1562
2026-06-24 06:00:00,62622.7,62819.5,62448.8,62724.5,1506
2026-06-24 07:00:00,62725.1,62791.7,62518.1,62739.7,1166
2026-06-24 08:00:00,62739.7,63065.5,62697.1,62877.2,1160
2026-06-24 09:00:00,62879.6,62902.0,62717.3,62772.8,974
2026-06-24 10:00:00,62774.3,62840.0,62597.7,62647.8,1626
2026-06-24 11:00:00,62650.7,62806.1,62591.2,62792.1,1103
2026-06-24 12:00:00,62790.4,62790.4,62629.1,62671.7,858
2026-06-24 13:00:00,62671.7,62676.9,62411.6,62437.1,1248
2026-06-24 14:00:00,62435.4,63222.0,62306.1,62905.4,2197
2026-06-24 15:00:00,62906.9,62963.3,62575.9,62607.6,2110
2026-06-24 16:00:00,62610.45,62626.6,61245.1,61317.4,7157
2026-06-24 17:00:00,61315.9,61448.6,60870.8,61096.5,5767
2026-06-24 18:00:00,61100.9,61130.4,60246.8,60262.0,4858
2026-06-24 19:00:00,60258.2,60662.7,59610.95,59831.4,5419
2026-06-24 20:00:00,59832.5,60043.4,59090.8,59384.5,7300
2026-06-24 21:00:00,59387.7,59910.8,59290.8,59587.7,5352
2026-06-24 22:00:00,59591.6,59981.7,59509.6,59945.0,3551
2026-06-24 23:00:00,59942.0,61197.2,59838.7,60948.3,6172
2026-06-25 00:00:00,60952.6,61125.4,60659.3,61095.0,2184
2026-06-25 01:00:00,61094.9,61254.9,60789.7,60857.9,1695
2026-06-25 02:00:00,60856.0,61094.8,60810.5,61061.1,1444
2026-06-25 03:00:00,61064.4,61150.9,60711.8,60801.9,2147
2026-06-25 04:00:00,60801.8,60979.1,60699.6,60904.1,1677
2026-06-25 05:00:00,60906.0,60954.0,60688.8,60783.2,1333
2026-06-25 06:00:00,60783.2,60890.1,60668.8,60871.4,1050
2026-06-25 07:00:00,60873.2,61396.7,60775.8,61342.8,1188
2026-06-25 08:00:00,61342.8,61795.5,61267.5,61582.6,2562
2026-06-25 09:00:00,61582.6,61837.7,61582.6,61711.7,1427
2026-06-25 10:00:00,61715.5,61950.3,61629.1,61900.9,1917
2026-06-25 11:00:00,61900.9,61910.5,61666.4,61697.7,853
2026-06-25 12:00:00,61699.3,61778.7,61594.9,61720.8,900
2026-06-25 13:00:00,61719.0,61739.3,61251.0,61259.0,1073
2026-06-25 14:00:00,61259.05,61411.5,61049.9,61266.0,2068
2026-06-25 15:00:00,61266.35,61730.6,61060.1,61226.0,3024
2026-06-25 16:00:00,61223.3,61352.3,58107.5,58289.8,7882
2026-06-25 17:00:00,58285.7,60466.6,58285.7,59463.9,12921
2026-06-25 18:00:00,59467.4,59642.8,58863.9,59550.0,7695
2026-06-25 19:00:00,59560.1,60046.1,59144.8,59300.9,5437
2026-06-25 20:00:00,59298.0,59728.4,59128.5,59668.0,4372
2026-06-25 21:00:00,59671.8,59780.6,59347.3,59485.0,3787
2026-06-25 22:00:00,59486.1,59510.6,59157.2,59315.3,2774
2026-06-25 23:00:00,59319.6,59734.2,59312.6,59445.0,2370
2026-06-26 00:00:00,59445.0,60248.8,59440.6,60200.2,1848
2026-06-26 01:00:00,60194.0,60194.0,59725.1,59832.1,1938
2026-06-26 02:00:00,59827.2,60183.9,59731.3,59785.7,1781
2026-06-26 03:00:00,59787.15,59894.2,59624.4,59655.4,2256
2026-06-26 04:00:00,59650.05,59774.3,59215.8,59421.1,2703
2026-06-26 05:00:00,59421.1,59445.9,58348.2,58556.1,6400
2026-06-26 06:00:00,58560.1,60109.0,58321.5,60021.5,5893
2026-06-26 07:00:00,60015.7,60221.5,59822.0,59909.7,3032
2026-06-26 08:00:00,59914.3,60037.3,59720.9,59929.9,2217
2026-06-26 09:00:00,59926.0,60447.0,59686.95,60315.2,2694
2026-06-26 10:00:00,60317.8,60745.75,60265.7,60514.2,2621
2026-06-26 11:00:00,60507.4,60565.2,60137.4,60231.9,2112
2026-06-26 12:00:00,60237.9,60246.7,59573.1,59720.8,2538
2026-06-26 13:00:00,59723.6,59844.6,59231.6,59309.9,2842
2026-06-26 14:00:00,59302.7,59579.3,59252.6,59405.1,2765
2026-06-26 15:00:00,59405.1,59998.8,58957.2,59179.2,5219
2026-06-26 16:00:00,59179.75,60199.6,58494.15,60162.3,9353
2026-06-26 17:00:00,60168.2,60288.3,59379.4,59581.1,6917
2026-06-26 18:00:00,59584.6,60491.3,59571.6,60316.2,5263
2026-06-26 19:00:00,60313.3,60583.7,59955.8,60031.2,3635
2026-06-26 20:00:00,60027.8,60280.1,59940.2,60013.6,2937
2026-06-26 21:00:00,60013.6,60144.3,59550.8,59657.9,2365
2026-06-26 22:00:00,59658.9,60093.45,59599.8,59734.4,2744
2026-06-26 23:00:00,59745.1,59994.5,59551.2,59707.2,2395
2026-06-27 00:00:00,59704.5,60040.8,59666.5,59906.9,1168
2026-06-27 01:00:00,59904.1,60072.0,59741.4,60032.7,1051
2026-06-27 02:00:00,60031.3,60107.2,59922.4,60092.6,737
2026-06-27 03:00:00,60092.6,60184.7,59862.3,60045.3,859
2026-06-27 04:00:00,60049.3,60057.8,59920.4,59935.7,572
2026-06-27 05:00:00,59935.7,60366.8,59907.8,60276.0,1377
2026-06-27 06:00:00,60272.5,60403.7,60152.3,60289.2,1093
2026-06-27 07:00:00,60289.2,60468.3,60204.0,60229.7,899
2026-06-27 08:00:00,60229.7,60299.2,60122.3,60224.2,808
2026-06-27 09:00:00,60225.4,60480.6,60100.35,60357.5,990
2026-06-27 10:00:00,60360.4,60563.7,60320.4,60533.9,460
2026-06-27 11:00:00,60533.9,60533.9,60361.9,60442.3,658
2026-06-27 12:00:00,60442.3,60495.9,60282.0,60409.6,583
2026-06-27 13:00:00,60409.6,60477.0,60366.1,60408.0,427
2026-06-27 14:00:00,60408.0,60444.4,60187.2,60355.5,717
2026-06-27 15:00:00,60349.6,60421.5,60248.2,60411.5,671
2026-06-27 16:00:00,60411.5,60652.4,60375.2,60566.7,990
2026-06-27 17:00:00,60567.1,60713.75,60494.9,60602.8,1060
2026-06-27 18:00:00,60604.8,60931.0,60554.8,60828.9,1354
2026-06-27 19:00:00,60828.9,60841.3,60658.7,60799.4,801
2026-06-27 20:00:00,60799.4,60807.7,60407.4,60513.3,1317
2026-06-27 21:00:00,60513.3,60557.7,60436.8,60553.5,728
2026-06-27 22:00:00,60551.5,60587.3,60069.3,60159.2,1326
2026-06-27 23:00:00,60159.2,60291.5,60159.2,60283.9,536
2026-06-28 00:00:00,60284.3,60471.6,60122.9,60183.0,984
2026-06-28 01:00:00,60182.55,60245.2,59835.3,60215.8,1535
2026-06-28 02:00:00,60215.8,60303.2,59928.1,60013.5,1136
2026-06-28 03:00:00,60013.5,60175.4,60001.4,60133.0,750
2026-06-28 04:00:00,60133.0,60262.3,59967.8,60202.9,739
2026-06-28 05:00:00,60202.9,60329.4,60033.6,60141.4,761
2026-06-28 06:00:00,60141.4,60266.6,60141.4,60187.6,522
2026-06-28 07:00:00,60187.6,60218.9,60073.6,60119.7,525
2026-06-28 08:00:00,60119.7,60128.2,59735.0,59975.8,1133
2026-06-28 09:00:00,59975.8,60014.9,59792.1,59989.1,818
2026-06-28 10:00:00,59987.5,60252.7,59985.8,60205.2,740
2026-06-28 11:00:00,60205.2,60537.8,60124.8,60358.7,1137
2026-06-28 12:00:00,60360.8,60462.2,60237.8,60245.3,844
2026-06-28 13:00:00,60245.3,60282.3,60048.1,60150.0,837
2026-06-28 14:00:00,60150.0,60365.4,60106.0,60328.1,964
2026-06-28 15:00:00,60329.25,60449.1,60177.8,60282.4,1130
2026-06-28 16:00:00,60279.3,60279.3,59964.2,60059.1,1658
2026-06-28 17:00:00,60061.45,60245.9,59998.1,60014.8,1245
2026-06-28 18:00:00,60014.8,60124.7,59802.9,59879.8,1431
2026-06-28 19:00:00,59880.6,59931.8,59573.2,59677.6,2160
2026-06-28 20:00:00,59677.1,59836.1,59384.8,59569.3,1854
2026-06-28 21:00:00,59568.8,59688.4,59490.3,59600.1,1161
2026-06-28 22:00:00,59598.3,59676.3,59255.9,59469.0,1679
2026-06-28 23:00:00,59467.45,59760.3,59460.6,59642.3,1035
2026-06-29 00:00:00,59642.3,59784.4,59314.5,59430.6,1557
2026-06-29 01:00:00,59436.2,59895.3,58881.6,59057.1,5953
2026-06-29 02:00:00,59055.2,59835.1,58994.8,59563.9,3171
2026-06-29 03:00:00,59565.3,59693.7,58989.2,59651.9,5586
2026-06-29 04:00:00,59654.5,59690.2,59189.2,59425.7,4162
2026-06-29 05:00:00,59428.6,59800.1,58884.15,59743.7,4657
2026-06-29 06:00:00,59747.5,60220.7,59747.5,60037.1,3473
2026-06-29 07:00:00,60037.1,60045.9,59730.0,59817.9,1808
2026-06-29 08:00:00,59817.9,60089.0,59373.8,60089.0,2861
2026-06-29 09:00:00,60091.0,60335.9,60037.7,60064.1,2289
2026-06-29 10:00:00,60064.6,60178.7,59917.1,59994.8,2080
2026-06-29 11:00:00,59994.7,60069.6,59719.7,59827.9,2858
2026-06-29 12:00:00,59826.9,60103.7,59768.8,60051.7,2346
2026-06-29 13:00:00,60053.6,60313.3,60053.6,60083.0,2008
2026-06-29 14:00:00,60081.3,60222.4,59789.1,59949.5,2022
2026-06-29 15:00:00,59953.2,60788.0,59584.85,59941.5,6858
2026-06-29 16:00:00,59943.2,60331.9,59316.8,59563.7,7422
2026-06-29 17:00:00,59566.5,59688.7,58989.8,59459.1,8060
2026-06-29 18:00:00,59459.9,59948.3,59078.7,59809.0,4857
2026-06-29 19:00:00,59812.2,60003.4,59573.2,59878.1,2731
2026-06-29 20:00:00,59878.1,60676.2,59878.1,60400.9,4264
2026-06-29 21:00:00,60401.5,60509.9,60180.6,60287.6,1979
2026-06-29 22:00:00,60290.3,60548.1,60148.0,60423.2,2078
2026-06-29 23:00:00,60421.3,60541.8,60287.6,60287.6,1295
2026-06-30 00:00:00,60287.8,60583.6,60249.2,60474.5,979
2026-06-30 01:00:00,60474.5,60516.8,60341.6,60345.3,1010
2026-06-30 02:00:00,60345.3,60371.8,60199.2,60248.4,896
2026-06-30 03:00:00,60247.6,60268.0,59680.8,59825.5,2480
2026-06-30 04:00:00,59827.3,60041.6,59764.3,59927.4,2119
2026-06-30 05:00:00,59927.9,60032.5,59737.6,59932.0,957
2026-06-30 06:00:00,59932.0,60010.7,59582.5,59604.8,1239
2026-06-30 07:00:00,59604.8,59683.1,59409.5,59475.5,1378
2026-06-30 08:00:00,59475.5,59642.9,59342.4,59640.4,1241
2026-06-30 09:00:00,59641.1,59704.7,59498.9,59583.1,1028
2026-06-30 10:00:00,59583.1,59622.9,59431.3,59512.6,1328
2026-06-30 11:00:00,59512.5,59545.2,59173.9,59297.6,2053
2026-06-30 12:00:00,59294.0,59407.6,59238.8,59361.7,1222
2026-06-30 13:00:00,59364.6,59409.6,59273.9,59316.3,1082
2026-06-30 14:00:00,59317.8,59405.1,59302.7,59385.2,273
